CREATE DATABASE  IF NOT EXISTS `gaming_platform` /*!40100 DEFAULT CHARACTER SET utf8mb4 COLLATE utf8mb4_0900_ai_ci */ /*!80016 DEFAULT ENCRYPTION='N' */;
USE `gaming_platform`;
-- MySQL dump 10.13  Distrib 8.0.45, for Win64 (x86_64)
--
-- Host: Localhost    Database: gaming_platform
-- ------------------------------------------------------
-- Server version	8.0.45

/*!40101 SET @OLD_CHARACTER_SET_CLIENT=@@CHARACTER_SET_CLIENT */;
/*!40101 SET @OLD_CHARACTER_SET_RESULTS=@@CHARACTER_SET_RESULTS */;
/*!40101 SET @OLD_COLLATION_CONNECTION=@@COLLATION_CONNECTION */;
/*!50503 SET NAMES utf8 */;
/*!40103 SET @OLD_TIME_ZONE=@@TIME_ZONE */;
/*!40103 SET TIME_ZONE='+00:00' */;
/*!40014 SET @OLD_UNIQUE_CHECKS=@@UNIQUE_CHECKS, UNIQUE_CHECKS=0 */;
/*!40014 SET @OLD_FOREIGN_KEY_CHECKS=@@FOREIGN_KEY_CHECKS, FOREIGN_KEY_CHECKS=0 */;
/*!40101 SET @OLD_SQL_MODE=@@SQL_MODE, SQL_MODE='NO_AUTO_VALUE_ON_ZERO' */;
/*!40111 SET @OLD_SQL_NOTES=@@SQL_NOTES, SQL_NOTES=0 */;

--
-- Table structure for table `developers`
--

DROP TABLE IF EXISTS `developers`;
/*!40101 SET @saved_cs_client     = @@character_set_client */;
/*!50503 SET character_set_client = utf8mb4 */;
CREATE TABLE `developers` (
  `developer_id` int NOT NULL AUTO_INCREMENT,
  `name` varchar(100) NOT NULL,
  `website` varchar(255) DEFAULT NULL,
  PRIMARY KEY (`developer_id`)
) ENGINE=InnoDB AUTO_INCREMENT=5 DEFAULT CHARSET=utf8mb4 COLLATE=utf8mb4_0900_ai_ci;
/*!40101 SET character_set_client = @saved_cs_client */;

--
-- Dumping data for table `developers`
--

LOCK TABLES `developers` WRITE;
/*!40000 ALTER TABLE `developers` DISABLE KEYS */;
INSERT INTO `developers` VALUES (1,'Infinity Ward','https://www.infinityward.com'),(2,'EA Vancouver','https://www.ea.com'),(3,'EA Romania','https://www.ea.com'),(4,'Mojang Studios','https://www.minecraft.net');
/*!40000 ALTER TABLE `developers` ENABLE KEYS */;
UNLOCK TABLES;

--
-- Table structure for table `game_genres`
--

DROP TABLE IF EXISTS `game_genres`;
/*!40101 SET @saved_cs_client     = @@character_set_client */;
/*!50503 SET character_set_client = utf8mb4 */;
CREATE TABLE `game_genres` (
  `game_id` int NOT NULL,
  `genre_id` int NOT NULL,
  PRIMARY KEY (`game_id`,`genre_id`),
  KEY `genre_id` (`genre_id`),
  CONSTRAINT `game_genres_ibfk_1` FOREIGN KEY (`game_id`) REFERENCES `games` (`game_id`) ON DELETE CASCADE,
  CONSTRAINT `game_genres_ibfk_2` FOREIGN KEY (`genre_id`) REFERENCES `genres` (`genre_id`) ON DELETE CASCADE
) ENGINE=InnoDB DEFAULT CHARSET=utf8mb4 COLLATE=utf8mb4_0900_ai_ci;
/*!40101 SET character_set_client = @saved_cs_client */;

--
-- Dumping data for table `game_genres`
--

LOCK TABLES `game_genres` WRITE;
/*!40000 ALTER TABLE `game_genres` DISABLE KEYS */;
INSERT INTO `game_genres` VALUES (1,1),(2,2),(3,3);
/*!40000 ALTER TABLE `game_genres` ENABLE KEYS */;
UNLOCK TABLES;

--
-- Table structure for table `games`
--

DROP TABLE IF EXISTS `games`;
/*!40101 SET @saved_cs_client     = @@character_set_client */;
/*!50503 SET character_set_client = utf8mb4 */;
CREATE TABLE `games` (
  `game_id` int NOT NULL AUTO_INCREMENT,
  `title` varchar(150) NOT NULL,
  `description` text,
  `price` decimal(10,2) DEFAULT NULL,
  `release_date` date DEFAULT NULL,
  `developer_id` int DEFAULT NULL,
  `publisher_id` int DEFAULT NULL,
  `image_url` varchar(255) DEFAULT NULL,
  `gameplay_url` varchar(255) DEFAULT NULL,
  `images` text,
  PRIMARY KEY (`game_id`),
  KEY `developer_id` (`developer_id`),
  KEY `publisher_id` (`publisher_id`),
  CONSTRAINT `games_ibfk_1` FOREIGN KEY (`developer_id`) REFERENCES `developers` (`developer_id`),
  CONSTRAINT `games_ibfk_2` FOREIGN KEY (`publisher_id`) REFERENCES `publishers` (`publisher_id`)
) ENGINE=InnoDB AUTO_INCREMENT=4 DEFAULT CHARSET=utf8mb4 COLLATE=utf8mb4_0900_ai_ci;
/*!40101 SET character_set_client = @saved_cs_client */;

--
-- Dumping data for table `games`
--

LOCK TABLES `games` WRITE;
/*!40000 ALTER TABLE `games` DISABLE KEYS */;
INSERT INTO `games` VALUES (1,'Call of Duty','One of the most critically-acclaimed games in history, Call of Duty: Modern Warfare is back, remastered in true high-definition, featuring improved textures, physically based rendering, high-dynamic range lighting and much more.',39.99,'2019-10-25',1,1,'https://images.alphacoders.com/699/thumb-1920-699235.jpg','https://www.youtube.com/embed/l-eMi1xJ2dM','https://media.gq-magazine.co.uk/photos/5db717858da8f900083b8d2a/16:9/w_2560%2Cc_limit/20191028-COD-01.jpg,https://kotaku.com/app/uploads/2019/09/dijcvb2ihoqmiipdouha-1200x675.jpg,https://www.gamereactor.eu/media/95/callduty_259586b.jpg'),(2,'FIFA 24','The Club is Yours in EA SPORTS FCŌäó 24. Play your way with an overhauled gameplay experience powered by community feedback, Manager Live Challenges that bring fresh storylines to the new season, and Archetypes inspired by greats of the game.',49.99,'2023-09-29',2,2,'https://cdn.mos.cms.futurecdn.net/74hPA6bFtkjHjrbepw36z9.jpg','https://www.youtube.com/embed/XhP3Xh4LMA8','https://www.theloadout.com/wp-content/sites/theloadout/2023/08/fc-24-release-date.jpg,https://media.wired.com/photos/64b6962b6296ebb3f0861532/master/pass/Culture-EA-FC24_Screenshot_EPL_4k_CityCele.jpg,https://i.ytimg.com/vi/oLlvOqvzLTM/maxresdefault.jpg'),(3,'Minecraft','Minecraft is a sandbox, block-based, open-world game focused on creativity, exploration, and survival. Players can build anything imaginable, from simple homes to massive, complex, and functional contraptions. It supports different modes, including Survival (gathering resources to live) and Creative (unlimited resources for building).',29.99,'2011-11-18',4,4,'https://xboxwire.thesourcemediaassets.com/sites/2/2024/05/Hero-8c18da7c19a1a8811ddb.jpg','https://www.youtube.com/embed/MmB9b5njVbA','https://gaming-cdn.com/images/news/articles/8241/cover/1000x563/from-now-on-minecraft-will-get-several-free-updates-a-year-cover66df1e5ce5940.jpg,https://gagadget.com/media/uploads/fgr.jpg,https://www.minecraft.net/content/dam/minecraftnet/games/spicewood/game-characters/Global-Header_Image-Dungeons-II-Trailer_321x321.jpg');
/*!40000 ALTER TABLE `games` ENABLE KEYS */;
UNLOCK TABLES;

--
-- Table structure for table `genres`
--

DROP TABLE IF EXISTS `genres`;
/*!40101 SET @saved_cs_client     = @@character_set_client */;
/*!50503 SET character_set_client = utf8mb4 */;
CREATE TABLE `genres` (
  `genre_id` int NOT NULL AUTO_INCREMENT,
  `name` varchar(50) NOT NULL,
  PRIMARY KEY (`genre_id`)
) ENGINE=InnoDB AUTO_INCREMENT=4 DEFAULT CHARSET=utf8mb4 COLLATE=utf8mb4_0900_ai_ci;
/*!40101 SET character_set_client = @saved_cs_client */;

--
-- Dumping data for table `genres`
--

LOCK TABLES `genres` WRITE;
/*!40000 ALTER TABLE `genres` DISABLE KEYS */;
INSERT INTO `genres` VALUES (1,'FPS'),(2,'Sports'),(3,'Sandbox');
/*!40000 ALTER TABLE `genres` ENABLE KEYS */;
UNLOCK TABLES;

--
-- Table structure for table `notifications`
--

DROP TABLE IF EXISTS `notifications`;
/*!40101 SET @saved_cs_client     = @@character_set_client */;
/*!50503 SET character_set_client = utf8mb4 */;
CREATE TABLE `notifications` (
  `notification_id` int NOT NULL AUTO_INCREMENT,
  `user_id` int DEFAULT NULL,
  `message` text,
  `is_read` tinyint(1) DEFAULT '0',
  `created_at` datetime DEFAULT CURRENT_TIMESTAMP,
  PRIMARY KEY (`notification_id`),
  KEY `user_id` (`user_id`),
  CONSTRAINT `notifications_ibfk_1` FOREIGN KEY (`user_id`) REFERENCES `users` (`user_id`) ON DELETE CASCADE
) ENGINE=InnoDB AUTO_INCREMENT=14 DEFAULT CHARSET=utf8mb4 COLLATE=utf8mb4_0900_ai_ci;
/*!40101 SET character_set_client = @saved_cs_client */;

--
-- Dumping data for table `notifications`
--

LOCK TABLES `notifications` WRITE;
/*!40000 ALTER TABLE `notifications` DISABLE KEYS */;
INSERT INTO `notifications` VALUES (2,1,'Price dropped for Call of Duty!',0,'2026-04-28 12:50:54'),(3,6,'Price dropped for Call of Duty!',0,'2026-04-28 12:53:04'),(4,6,'Price Increased for Call of Duty!',60,'2026-05-03 21:35:33'),(5,9,'? Added Call of Duty to wishlist',1,'2026-05-03 23:59:48'),(6,9,'? Added FIFA 24 to wishlist',1,'2026-05-03 23:59:50'),(7,9,'? Added Minecraft to wishlist',1,'2026-05-03 23:59:52'),(8,9,'ŌŁÉ You reviewed FIFA 24',1,'2026-05-04 00:01:10'),(9,9,'ŌŁÉ You reviewed Minecraft',1,'2026-05-04 00:01:41'),(10,9,'? Purchase successful: Call of Duty',1,'2026-05-05 22:59:54'),(11,9,'? Added Call of Duty to wishlist',0,'2026-05-23 22:07:37'),(12,9,'? Added FIFA 24 to wishlist',0,'2026-05-23 22:07:40'),(13,9,'? Added Minecraft to wishlist',0,'2026-05-23 22:07:42');
/*!40000 ALTER TABLE `notifications` ENABLE KEYS */;
UNLOCK TABLES;

--
-- Table structure for table `order_items`
--

DROP TABLE IF EXISTS `order_items`;
/*!40101 SET @saved_cs_client     = @@character_set_client */;
/*!50503 SET character_set_client = utf8mb4 */;
CREATE TABLE `order_items` (
  `order_id` int NOT NULL,
  `game_id` int NOT NULL,
  `price` decimal(10,2) DEFAULT NULL,
  PRIMARY KEY (`order_id`,`game_id`),
  KEY `game_id` (`game_id`),
  CONSTRAINT `order_items_ibfk_1` FOREIGN KEY (`order_id`) REFERENCES `orders` (`order_id`) ON DELETE CASCADE,
  CONSTRAINT `order_items_ibfk_2` FOREIGN KEY (`game_id`) REFERENCES `games` (`game_id`)
) ENGINE=InnoDB DEFAULT CHARSET=utf8mb4 COLLATE=utf8mb4_0900_ai_ci;
/*!40101 SET character_set_client = @saved_cs_client */;

--
-- Dumping data for table `order_items`
--

LOCK TABLES `order_items` WRITE;
/*!40000 ALTER TABLE `order_items` DISABLE KEYS */;
INSERT INTO `order_items` VALUES (1,1,59.99),(1,2,49.99),(2,1,25.00),(2,2,49.99),(3,1,25.00),(3,2,49.99),(3,3,29.99),(4,1,25.00),(4,2,49.99),(5,2,49.99),(6,1,25.00),(7,3,29.99),(8,1,25.00),(9,1,25.00),(10,2,49.99),(10,3,29.99),(11,1,39.99);
/*!40000 ALTER TABLE `order_items` ENABLE KEYS */;
UNLOCK TABLES;

--
-- Table structure for table `orders`
--

DROP TABLE IF EXISTS `orders`;
/*!40101 SET @saved_cs_client     = @@character_set_client */;
/*!50503 SET character_set_client = utf8mb4 */;
CREATE TABLE `orders` (
  `order_id` int NOT NULL AUTO_INCREMENT,
  `user_id` int DEFAULT NULL,
  `total_amount` decimal(10,2) DEFAULT NULL,
  `status` varchar(50) DEFAULT 'paid',
  `created_at` datetime DEFAULT CURRENT_TIMESTAMP,
  PRIMARY KEY (`order_id`),
  KEY `user_id` (`user_id`),
  CONSTRAINT `orders_ibfk_1` FOREIGN KEY (`user_id`) REFERENCES `users` (`user_id`)
) ENGINE=InnoDB AUTO_INCREMENT=12 DEFAULT CHARSET=utf8mb4 COLLATE=utf8mb4_0900_ai_ci;
/*!40101 SET character_set_client = @saved_cs_client */;

--
-- Dumping data for table `orders`
--

LOCK TABLES `orders` WRITE;
/*!40000 ALTER TABLE `orders` DISABLE KEYS */;
INSERT INTO `orders` VALUES (1,1,109.98,'completed','2026-04-24 16:07:20'),(2,1,74.99,'completed','2026-04-25 15:25:05'),(3,1,104.98,'completed','2026-04-25 15:30:46'),(4,1,74.99,'refunded','2026-04-25 16:25:25'),(5,6,49.99,'paid','2026-04-28 01:26:27'),(6,6,25.00,'paid','2026-04-28 01:51:25'),(7,6,29.99,'paid','2026-04-28 01:51:27'),(8,6,25.00,'paid','2026-04-28 21:04:50'),(9,9,25.00,'paid','2026-05-01 21:12:42'),(10,9,79.98,'refund_requested','2026-05-03 21:01:55'),(11,9,39.99,'paid','2026-05-05 22:59:54');
/*!40000 ALTER TABLE `orders` ENABLE KEYS */;
UNLOCK TABLES;

--
-- Table structure for table `password_resets`
--

DROP TABLE IF EXISTS `password_resets`;
/*!40101 SET @saved_cs_client     = @@character_set_client */;
/*!50503 SET character_set_client = utf8mb4 */;
CREATE TABLE `password_resets` (
  `reset_id` int NOT NULL AUTO_INCREMENT,
  `user_id` int DEFAULT NULL,
  `token` varchar(255) DEFAULT NULL,
  `expires_at` datetime DEFAULT NULL,
  PRIMARY KEY (`reset_id`),
  KEY `user_id` (`user_id`),
  CONSTRAINT `password_resets_ibfk_1` FOREIGN KEY (`user_id`) REFERENCES `users` (`user_id`) ON DELETE CASCADE
) ENGINE=InnoDB AUTO_INCREMENT=3 DEFAULT CHARSET=utf8mb4 COLLATE=utf8mb4_0900_ai_ci;
/*!40101 SET character_set_client = @saved_cs_client */;

--
-- Dumping data for table `password_resets`
--

LOCK TABLES `password_resets` WRITE;
/*!40000 ALTER TABLE `password_resets` DISABLE KEYS */;
/*!40000 ALTER TABLE `password_resets` ENABLE KEYS */;
UNLOCK TABLES;

--
-- Table structure for table `price_alerts`
--

DROP TABLE IF EXISTS `price_alerts`;
/*!40101 SET @saved_cs_client     = @@character_set_client */;
/*!50503 SET character_set_client = utf8mb4 */;
CREATE TABLE `price_alerts` (
  `alert_id` int NOT NULL AUTO_INCREMENT,
  `user_id` int DEFAULT NULL,
  `game_id` int DEFAULT NULL,
  `target_price` decimal(10,2) DEFAULT NULL,
  `created_at` timestamp NULL DEFAULT CURRENT_TIMESTAMP,
  PRIMARY KEY (`alert_id`),
  UNIQUE KEY `user_id` (`user_id`,`game_id`),
  KEY `game_id` (`game_id`),
  CONSTRAINT `price_alerts_ibfk_1` FOREIGN KEY (`user_id`) REFERENCES `users` (`user_id`) ON DELETE CASCADE,
  CONSTRAINT `price_alerts_ibfk_2` FOREIGN KEY (`game_id`) REFERENCES `games` (`game_id`) ON DELETE CASCADE
) ENGINE=InnoDB AUTO_INCREMENT=6 DEFAULT CHARSET=utf8mb4 COLLATE=utf8mb4_0900_ai_ci;
/*!40101 SET character_set_client = @saved_cs_client */;

--
-- Dumping data for table `price_alerts`
--

LOCK TABLES `price_alerts` WRITE;
/*!40000 ALTER TABLE `price_alerts` DISABLE KEYS */;
INSERT INTO `price_alerts` VALUES (1,1,1,30.00,'2026-04-24 20:56:37');
/*!40000 ALTER TABLE `price_alerts` ENABLE KEYS */;
UNLOCK TABLES;

--
-- Table structure for table `profiles`
--

DROP TABLE IF EXISTS `profiles`;
/*!40101 SET @saved_cs_client     = @@character_set_client */;
/*!50503 SET character_set_client = utf8mb4 */;
CREATE TABLE `profiles` (
  `user_id` int NOT NULL,
  `bio` text,
  `profile_picture` varchar(255) DEFAULT NULL,
  PRIMARY KEY (`user_id`),
  CONSTRAINT `profiles_ibfk_1` FOREIGN KEY (`user_id`) REFERENCES `users` (`user_id`) ON DELETE CASCADE
) ENGINE=InnoDB DEFAULT CHARSET=utf8mb4 COLLATE=utf8mb4_0900_ai_ci;
/*!40101 SET character_set_client = @saved_cs_client */;

--
-- Dumping data for table `profiles`
--

LOCK TABLES `profiles` WRITE;
/*!40000 ALTER TABLE `profiles` DISABLE KEYS */;
/*!40000 ALTER TABLE `profiles` ENABLE KEYS */;
UNLOCK TABLES;

--
-- Table structure for table `publishers`
--

DROP TABLE IF EXISTS `publishers`;
/*!40101 SET @saved_cs_client     = @@character_set_client */;
/*!50503 SET character_set_client = utf8mb4 */;
CREATE TABLE `publishers` (
  `publisher_id` int NOT NULL AUTO_INCREMENT,
  `name` varchar(100) NOT NULL,
  `website` varchar(255) DEFAULT NULL,
  PRIMARY KEY (`publisher_id`)
) ENGINE=InnoDB AUTO_INCREMENT=5 DEFAULT CHARSET=utf8mb4 COLLATE=utf8mb4_0900_ai_ci;
/*!40101 SET character_set_client = @saved_cs_client */;

--
-- Dumping data for table `publishers`
--

LOCK TABLES `publishers` WRITE;
/*!40000 ALTER TABLE `publishers` DISABLE KEYS */;
INSERT INTO `publishers` VALUES (1,'Activision','https://www.activision.com'),(2,'EA Sports','https://www.ea.com'),(3,'Xbox Game Studios','https://www.xbox.com'),(4,'Mojang','https://www.minecraft.net');
/*!40000 ALTER TABLE `publishers` ENABLE KEYS */;
UNLOCK TABLES;

--
-- Table structure for table `reviews`
--

DROP TABLE IF EXISTS `reviews`;
/*!40101 SET @saved_cs_client     = @@character_set_client */;
/*!50503 SET character_set_client = utf8mb4 */;
CREATE TABLE `reviews` (
  `review_id` int NOT NULL AUTO_INCREMENT,
  `user_id` int DEFAULT NULL,
  `game_id` int DEFAULT NULL,
  `rating` int DEFAULT NULL,
  `comment` text,
  `created_at` datetime DEFAULT CURRENT_TIMESTAMP,
  PRIMARY KEY (`review_id`),
  UNIQUE KEY `unique_user_game` (`user_id`,`game_id`),
  KEY `game_id` (`game_id`),
  CONSTRAINT `reviews_ibfk_1` FOREIGN KEY (`user_id`) REFERENCES `users` (`user_id`) ON DELETE CASCADE,
  CONSTRAINT `reviews_ibfk_2` FOREIGN KEY (`game_id`) REFERENCES `games` (`game_id`) ON DELETE CASCADE,
  CONSTRAINT `reviews_chk_1` CHECK ((`rating` between 1 and 5))
) ENGINE=InnoDB AUTO_INCREMENT=5 DEFAULT CHARSET=utf8mb4 COLLATE=utf8mb4_0900_ai_ci;
/*!40101 SET character_set_client = @saved_cs_client */;

--
-- Dumping data for table `reviews`
--

LOCK TABLES `reviews` WRITE;
/*!40000 ALTER TABLE `reviews` DISABLE KEYS */;
INSERT INTO `reviews` VALUES (1,1,1,5,'Amazing game!','2026-04-24 16:50:02'),(2,9,1,3,'The game was pretty good, i like it but feel like they could do better','2026-04-28 22:07:24'),(3,9,2,5,'I really love getting in game and playing Clubs with my friends (be it Rush or 11v11\'s)','2026-05-04 00:01:10'),(4,9,3,4,'It is fun building houses and exploring the open world','2026-05-04 00:01:41');
/*!40000 ALTER TABLE `reviews` ENABLE KEYS */;
UNLOCK TABLES;

--
-- Table structure for table `user_games`
--

DROP TABLE IF EXISTS `user_games`;
/*!40101 SET @saved_cs_client     = @@character_set_client */;
/*!50503 SET character_set_client = utf8mb4 */;
CREATE TABLE `user_games` (
  `user_id` int NOT NULL,
  `game_id` int NOT NULL,
  `purchase_date` datetime DEFAULT CURRENT_TIMESTAMP,
  PRIMARY KEY (`user_id`,`game_id`),
  KEY `game_id` (`game_id`),
  CONSTRAINT `user_games_ibfk_1` FOREIGN KEY (`user_id`) REFERENCES `users` (`user_id`) ON DELETE CASCADE,
  CONSTRAINT `user_games_ibfk_2` FOREIGN KEY (`game_id`) REFERENCES `games` (`game_id`) ON DELETE CASCADE
) ENGINE=InnoDB DEFAULT CHARSET=utf8mb4 COLLATE=utf8mb4_0900_ai_ci;
/*!40101 SET character_set_client = @saved_cs_client */;

--
-- Dumping data for table `user_games`
--

LOCK TABLES `user_games` WRITE;
/*!40000 ALTER TABLE `user_games` DISABLE KEYS */;
/*!40000 ALTER TABLE `user_games` ENABLE KEYS */;
UNLOCK TABLES;

--
-- Table structure for table `users`
--

DROP TABLE IF EXISTS `users`;
/*!40101 SET @saved_cs_client     = @@character_set_client */;
/*!50503 SET character_set_client = utf8mb4 */;
CREATE TABLE `users` (
  `user_id` int NOT NULL AUTO_INCREMENT,
  `username` varchar(50) NOT NULL,
  `email` varchar(100) NOT NULL,
  `password_hash` varchar(255) NOT NULL,
  `created_at` datetime DEFAULT CURRENT_TIMESTAMP,
  `bio` text,
  `profile_picture` varchar(255) DEFAULT NULL,
  `is_verified` tinyint(1) DEFAULT '0',
  `verification_token` varchar(255) DEFAULT NULL,
  `last_active` datetime DEFAULT NULL,
  PRIMARY KEY (`user_id`),
  UNIQUE KEY `email` (`email`)
) ENGINE=InnoDB AUTO_INCREMENT=12 DEFAULT CHARSET=utf8mb4 COLLATE=utf8mb4_0900_ai_ci;
/*!40101 SET character_set_client = @saved_cs_client */;

--
-- Dumping data for table `users`
--

LOCK TABLES `users` WRITE;
/*!40000 ALTER TABLE `users` DISABLE KEYS */;
INSERT INTO `users` VALUES (1,'JesseUpdated','jesse@new.com','123456','2026-04-24 13:59:21','I love FPS games ?','https://example.com/profile.jpg',1,NULL,NULL),(4,'JesseUpdated','jesse2@new.com','$2b$10$RTZKZ.LHv.2jWLRtmyV9uOdfsiVPQ7Gs9ABQbsAMbfQAHX1qvHasK','2026-04-25 16:00:48','I love FPS games ?','https://example.com/profile.jpg',1,NULL,NULL),(6,'Jesse Njamnshi','njamnshijesse1@gmail.com','$2b$10$31GTrTi1Av63UZLZM3uzWOwd2ijW.gfoLCdWfqpNjFyp9BSZ4RAWa','2026-04-28 01:03:40','OG gamer here',NULL,1,NULL,NULL),(9,'Jesse.K','Jesse@gmail.com','$2b$10$2xndCMMfUSwqjVSGpjmrPOpmGVDU.mnJsZZbA8Yp0yhightvUVk6S','2026-04-28 21:35:46','Your Friendly neighborhood gamer','https://imageio.forbes.com/blogs-images/scottmendelson/files/2017/12/download.png?format=png&height=600&width=1200&fit=bounds',1,NULL,'2026-05-23 22:14:57'),(10,'Jkkkkk','Jes@gmail.com','$2b$10$qZKCeQTsdL0CO3N2PvhRQecHNuh4gkWj6X6tebMrh4S6MXM9gs7PW','2026-05-04 12:12:41',NULL,NULL,1,NULL,'2026-05-04 12:13:49'),(11,'Jesse_k','Jesse1@gmail.com','$2b$10$IhNd.2DdRM3NKwzGclYne.DXk3evdAV09EiM54q.2jmK8vregxWOe','2026-05-06 12:18:17','dsfgdgdfsdfg','',1,NULL,'2026-05-06 12:18:46');
/*!40000 ALTER TABLE `users` ENABLE KEYS */;
UNLOCK TABLES;

--
-- Table structure for table `wishlist`
--

DROP TABLE IF EXISTS `wishlist`;
/*!40101 SET @saved_cs_client     = @@character_set_client */;
/*!50503 SET character_set_client = utf8mb4 */;
CREATE TABLE `wishlist` (
  `user_id` int NOT NULL,
  `game_id` int NOT NULL,
  PRIMARY KEY (`user_id`,`game_id`),
  KEY `game_id` (`game_id`),
  CONSTRAINT `wishlist_ibfk_1` FOREIGN KEY (`user_id`) REFERENCES `users` (`user_id`) ON DELETE CASCADE,
  CONSTRAINT `wishlist_ibfk_2` FOREIGN KEY (`game_id`) REFERENCES `games` (`game_id`) ON DELETE CASCADE
) ENGINE=InnoDB DEFAULT CHARSET=utf8mb4 COLLATE=utf8mb4_0900_ai_ci;
/*!40101 SET character_set_client = @saved_cs_client */;

--
-- Dumping data for table `wishlist`
--

LOCK TABLES `wishlist` WRITE;
/*!40000 ALTER TABLE `wishlist` DISABLE KEYS */;
INSERT INTO `wishlist` VALUES (6,1),(9,1),(9,2),(9,3);
/*!40000 ALTER TABLE `wishlist` ENABLE KEYS */;
UNLOCK TABLES;
/*!40103 SET TIME_ZONE=@OLD_TIME_ZONE */;

/*!40101 SET SQL_MODE=@OLD_SQL_MODE */;
/*!40014 SET FOREIGN_KEY_CHECKS=@OLD_FOREIGN_KEY_CHECKS */;
/*!40014 SET UNIQUE_CHECKS=@OLD_UNIQUE_CHECKS */;
/*!40101 SET CHARACTER_SET_CLIENT=@OLD_CHARACTER_SET_CLIENT */;
/*!40101 SET CHARACTER_SET_RESULTS=@OLD_CHARACTER_SET_RESULTS */;
/*!40101 SET COLLATION_CONNECTION=@OLD_COLLATION_CONNECTION */;
/*!40111 SET SQL_NOTES=@OLD_SQL_NOTES */;

-- Dump completed on 2026-06-12 22:12:42
